{
    "entity.wildfire.death": {
        "sounds": [
            {
                "name": "roguecraft:entity/wildfire/death_0",
                "attenuation_distance": 32,
                "volume": 1
            },
            {
                "name": "roguecraft:entity/wildfire/death_1",
                "attenuation_distance": 32,
                "volume": 1
            },
            {
                "name": "roguecraft:entity/wildfire/death_2",
                "attenuation_distance": 32,
                "volume": 1
            }
        ]
    },
    "entity.wildfire.hurt": {
        "sounds": [
            {
                "name": "roguecraft:entity/wildfire/hurt_0",
                "attenuation_distance": 32,
                "volume": 0.75
            },
            {
                "name": "roguecraft:entity/wildfire/hurt_1",
                "attenuation_distance": 32,
                "volume": 0.75
            },
            {
                "name": "roguecraft:entity/wildfire/hurt_2",
                "attenuation_distance": 32,
                "volume": 0.75
            }
        ]
    },
    "entity.wildfire.shield_break": {
        "sounds": [
            {
                "name": "roguecraft:entity/wildfire/shield_break_0",
                "attenuation_distance": 32,
                "volume": 0.6
            },
            {
                "name": "roguecraft:entity/wildfire/shield_break_1",
                "attenuation_distance": 32,
                "volume": 0.6
            },
            {
                "name": "roguecraft:entity/wildfire/shield_break_2",
                "attenuation_distance": 32,
                "volume": 0.6
            }
        ]
    },
    "entity.wildfire.shockwave": {
        "sounds": [
            {
                "name": "roguecraft:entity/wildfire/shockwave_0",
                "attenuation_distance": 32,
                "volume": 0.6
            },
            {
                "name": "roguecraft:entity/wildfire/shockwave_1",
                "attenuation_distance": 32,
                "volume": 0.6
            },
            {
                "name": "roguecraft:entity/wildfire/shockwave_2",
                "attenuation_distance": 32,
                "volume": 0.6
            }
        ]
    },
    "entity.wildfire.shoot_vocal": {
        "sounds": [
            {
                "name": "roguecraft:entity/wildfire/shoot_vocal_0",
                "attenuation_distance": 32,
                "volume": 1.0
            },
            {
                "name": "roguecraft:entity/wildfire/shoot_vocal_1",
                "attenuation_distance": 32,
                "volume": 1.0
            },
            {
                "name": "roguecraft:entity/wildfire/shoot_vocal_2",
                "attenuation_distance": 32,
                "volume": 1.0
            }
        ]
    },
    "entity.wildfire.shoot": {
        "sounds": [
            {
                "name": "roguecraft:entity/wildfire/shoot_0",
                "attenuation_distance": 32,
                "volume": 1.0
            },
            {
                "name": "roguecraft:entity/wildfire/shoot_1",
                "attenuation_distance": 32,
                "volume": 1.0
            },
            {
                "name": "roguecraft:entity/wildfire/shoot_2",
                "attenuation_distance": 32,
                "volume": 1.0
            },
            {
                "name": "roguecraft:entity/wildfire/shoot_3",
                "attenuation_distance": 32,
                "volume": 1.0
            }
        ]
    },
    "entity.wildfire.spawn": {
        "sounds": [
            {
                "name": "roguecraft:entity/wildfire/spawn",
                "attenuation_distance": 32,
                "volume": 0.85
            }
        ]
    },
    "entity.wildfire.summon_charge": {
        "sounds": [
            {
                "name": "roguecraft:entity/wildfire/summon_charge",
                "attenuation_distance": 32,
                "volume": 0.9
            }
        ]
    },
    "entity.giant.summon": {
        "sounds": [
            "roguecraft:entity/giant/summon"
        ]
    },
    "entity.giant.death": {
        "sounds": [
            "roguecraft:entity/giant/death"
        ]
    },
    "entity.giant.hurt": {
        "sounds": [
            "roguecraft:entity/giant/hurt1",
            "roguecraft:entity/giant/hurt2"
        ]
    },

    "music.infinite_garden.infinite_garden": {
        "sounds": [
            "roguecraft:music/infinite_garden/infinite_garden"
        ]
    },
    "music.infinite_garden.fading_memories": {
        "sounds": [
            "roguecraft:music/infinite_garden/fading_memories"
        ]
    },
    "music.infinite_garden.eternal_soul": {
        "sounds": [
            "roguecraft:music/infinite_garden/eternal_soul"
        ]
    },
    "music.infinite_garden.fractalberry": {
        "sounds": [
            "roguecraft:music/infinite_garden/fractalberry"
        ]
    },

    "music.empty": {
        "sounds": [
            "roguecraft:music/empty"
        ]
    },

    "ambient.blue_moon": {
        "sounds": [
            "roguecraft:ambient/blue_moon"
        ]
    }
}