{
    "providers": [
        {
            "type": "space",
            "advances": {
                " ": 4,
                "\uF80A": -34,
                "\u200c": 0
            }
        },
        {
            "type": "bitmap",
            "file": "roguecraft:font/fade.png",
            "ascent": 16383,
            "height": 32767,
            "chars": [
                "\uEff1"
            ]
        },
        {
            "type": "bitmap",
            "file": "roguecraft:font/enderchest.png",
            "ascent": -5,
            "height": 16,
            "chars": [
                "\uEff2"
            ]
        },
        {
            "type": "bitmap",
            "file": "roguecraft:font/not_ready.png",
            "ascent": 12,
            "height": 16,
            "chars": [
                "\uEff3"
            ]
        },
        {
            "type": "bitmap",
            "file": "roguecraft:font/ready.png",
            "ascent": 12,
            "height": 16,
            "chars": [
                "\uEff4"
            ]
        },
        {
            "type": "bitmap",
            "file": "roguecraft:item/icon/class/tank.png",
            "ascent": 10,
            "height": 12,
            "chars": [
                "\uEff5"
            ]
        },
        {
            "type": "bitmap",
            "file": "roguecraft:item/icon/class/mage.png",
            "ascent": 10,
            "height": 12,
            "chars": [
                "\uEff6"
            ]
        },
        {
            "type": "bitmap",
            "file": "roguecraft:item/icon/class/healer.png",
            "ascent": 10,
            "height": 12,
            "chars": [
                "\uEff7"
            ]
        },
        {
            "type": "bitmap",
            "file": "roguecraft:item/icon/class/glass_cannon.png",
            "ascent": 10,
            "height": 12,
            "chars": [
                "\uEff8"
            ]
        },
        {
            "type": "bitmap",
            "file": "roguecraft:item/icon/class/reaper.png",
            "ascent": 10,
            "height": 12,
            "chars": [
                "\uEff9"
            ]
        },
        {
            "type": "bitmap",
            "file": "roguecraft:item/icon/class/hunter.png",
            "ascent": 10,
            "height": 12,
            "chars": [
                "\uEffA"
            ]
        }
    ]
}