{
  "model": {
    "type": "minecraft:composite",
    "models": [
      {
        "type": "minecraft:model",
        "model": "roguecraft:item/mana_potion/medium"
      },
      {
        "type": "minecraft:condition",
        "property": "minecraft:extended_view",
        "on_true": {
          "type": "minecraft:condition",
          "property": "minecraft:keybind_down",
          "keybind": "key.sneak",
          "on_true": {
            "type": "minecraft:empty"
          },
          "on_false": {
            "type": "minecraft:model",
            "model": "roguecraft:item/item_number/2"
          }
        },
        "on_false": {
          "type": "minecraft:empty"
        }
      }
    ]
  }
}