{
	"credit": "Made with Blockbench",
	"texture_size": [64, 64],
	"textures": {
		"stat": "#stat",
		"page_icon": "#icon",
		"cover_icon": "#icon",
		"book": "#cover"
	},
	"elements": [
		{
			"name": "cover icon",
			"from": [2, 3, 1.75],
			"to": [12, 13, 1.75],
			"rotation": {"angle": 0, "axis": "y", "origin": [2, 11, 1.75]},
			"faces": {
				"north": {"uv": [3, 3, 13, 13], "texture": "#cover_icon"}
			}
		},
		{
			"name": "cover front",
			"from": [0, 0, 2],
			"to": [14, 16, 3],
			"rotation": {"angle": 0, "axis": "y", "origin": [0, 0, 1]},
			"faces": {
				"north": {"uv": [4, 0.5, 7.5, 4.5], "texture": "#book"},
				"east": {"uv": [3.75, 0.5, 4, 4.5], "texture": "#book"},
				"south": {"uv": [8, 0.5, 11.5, 4.5], "texture": "#book"},
				"west": {"uv": [7.5, 0.5, 7.75, 4.5], "texture": "#book"},
				"up": {"uv": [7.5, 0.5, 4, 0.25], "texture": "#book"},
				"down": {"uv": [7.5, 4.5, 4, 4.75], "texture": "#book"}
			}
		},
		{
			"name": "cover side",
			"from": [13, 0, 3],
			"to": [14, 16, 16],
			"rotation": {"angle": 0, "axis": "y", "origin": [15, 0, 3]},
			"faces": {
				"east": {"uv": [0.5, 0.5, 3.75, 4.5], "texture": "#book"},
				"south": {"uv": [0.25, 0.5, 0.5, 4.5], "texture": "#book"},
				"west": {"uv": [12, 0.5, 15.25, 4.5], "texture": "#book"},
				"up": {"uv": [3.75, 0.5, 0.5, 0.25], "rotation": 90, "texture": "#book"},
				"down": {"uv": [0.5, 4.75, 3.75, 4.5], "rotation": 90, "texture": "#book"}
			}
		},
		{
			"name": "1",
			"from": [1, 1, 3.25],
			"to": [12, 15, 3.25],
			"rotation": {"angle": 0, "axis": "y", "origin": [1, 1, 1.25]},
			"faces": {
				"north": {"uv": [3, 5.25, 0.25, 8.75], "texture": "#book"},
				"south": {"uv": [0.25, 5.25, 3, 8.75], "texture": "#book"}
			}
		},
		{
			"name": "2",
			"from": [1, 1, 3.5],
			"to": [12, 15, 3.5],
			"rotation": {"angle": 0, "axis": "y", "origin": [1, 1, 1.5]},
			"faces": {
				"north": {"uv": [6, 5.25, 3.25, 8.75], "texture": "#book"},
				"south": {"uv": [3.25, 5.25, 6, 8.75], "texture": "#book"}
			}
		},
		{
			"name": "3",
			"from": [1, 1, 3.75],
			"to": [12, 15, 3.75],
			"rotation": {"angle": 0, "axis": "y", "origin": [1, 1, 1.75]},
			"faces": {
				"north": {"uv": [9, 5.25, 6.25, 8.75], "texture": "#book"},
				"south": {"uv": [6.25, 5.25, 9, 8.75], "texture": "#book"}
			}
		},
		{
			"name": "4",
			"from": [1, 1, 4],
			"to": [12, 15, 4],
			"rotation": {"angle": 0, "axis": "y", "origin": [1, 1, 2]},
			"faces": {
				"north": {"uv": [12, 5.25, 9.25, 8.75], "texture": "#book"},
				"south": {"uv": [9.25, 5.25, 12, 8.75], "texture": "#book"}
			}
		},
		{
			"name": "5",
			"from": [12, 1, 4],
			"to": [12, 15, 15],
			"rotation": {"angle": 0, "axis": "y", "origin": [12, 1, 4]},
			"faces": {
				"east": {"uv": [3, 9, 0.25, 12.5], "texture": "#book"},
				"west": {"uv": [0.25, 9, 3, 12.5], "texture": "#book"}
			}
		},
		{
			"name": "6",
			"from": [12.25, 1, 4],
			"to": [12.25, 15, 15],
			"rotation": {"angle": 0, "axis": "y", "origin": [12.25, 1, 4]},
			"faces": {
				"east": {"uv": [9, 9, 6.25, 12.5], "texture": "#book"},
				"west": {"uv": [3.25, 9, 6, 12.5], "texture": "#book"}
			}
		},
		{
			"name": "7",
			"from": [12.5, 1, 4],
			"to": [12.5, 15, 15],
			"rotation": {"angle": 0, "axis": "y", "origin": [12.5, 1, 4]},
			"faces": {
				"east": {"uv": [6, 9, 3.25, 12.5], "texture": "#book"},
				"west": {"uv": [6.25, 9, 9, 12.5], "texture": "#book"}
			}
		},
		{
			"name": "8",
			"from": [12.75, 1, 4],
			"to": [12.75, 15, 15],
			"rotation": {"angle": 0, "axis": "y", "origin": [12.75, 1, 4]},
			"faces": {
				"east": {"uv": [3, 9, 0.25, 12.5], "texture": "#book"},
				"west": {"uv": [9.25, 9, 12, 12.5], "texture": "#book"}
			}
		},
		{
			"name": "bookmark main",
			"from": [13.26189, 1.025, 1.79296],
			"to": [14.26189, 16.025, 1.79296],
			"rotation": {"angle": -22.5, "axis": "y", "origin": [13.76189, 12.275, 2.04296]},
			"faces": {
				"north": {"uv": [11.5, 1, 11.75, 4.75], "texture": "#book"},
				"south": {"uv": [11.75, 1, 11.5, 4.75], "texture": "#book"}
			}
		},
		{
			"name": "bookmark top",
			"from": [13.26189, 16.025, 1.79296],
			"to": [14.26189, 16.025, 3.79296],
			"rotation": {"angle": -22.5, "axis": "y", "origin": [13.76189, 12.275, 2.04296]},
			"faces": {
				"up": {"uv": [11.75, 1, 11.5, 0.5], "texture": "#book"},
				"down": {"uv": [11.75, 0.5, 11.5, 1], "texture": "#book"}
			}
		}
	],
	"gui_light": "front",
	"display": {
		"thirdperson_righthand": {
			"rotation": [-10, 25, 0],
			"translation": [-1.25, 4.5, 3],
			"scale": [0.6, 0.6, 0.6]
		},
		"thirdperson_lefthand": {
			"rotation": [-10, -65, 0],
			"translation": [-1.25, 4.5, 3],
			"scale": [0.6, 0.6, 0.6]
		},
		"firstperson_righthand": {
			"rotation": [-22.5, 0, -10],
			"translation": [-0.25, 2.5, 0],
			"scale": [0.5, 0.5, 0.5]
		},
		"firstperson_lefthand": {
			"rotation": [-22.5, -90, -10],
			"translation": [-0.25, 2.5, 0],
			"scale": [0.5, 0.5, 0.5]
		},
		"ground": {
			"rotation": [-60, 45, 0],
			"translation": [0, 4.5, 0],
			"scale": [0.5, 0.5, 0.5]
		},
		"gui": {
			"rotation": [0, 180, 0],
			"translation": [-1, 0, 0]
		},
		"head": {
			"rotation": [22.5, -135, 0],
			"translation": [0, 17.75, -2]
		},
		"fixed": {
			"rotation": [0, -135, 0],
			"translation": [0, 0, -8.5]
		}
	},
	"groups": [
		0,
		1,
		2,
		{
			"name": "cover",
			"origin": [15, 0, 3],
			"color": 0,
			"children": [3, 4]
		},
		{
			"name": "pages",
			"origin": [0, 0, 1],
			"color": 0,
			"children": [5, 6, 7, 8, 9, 10, 11, 12]
		},
		{
			"name": "bookmark",
			"origin": [11.175, 15.25, 4.125],
			"color": 0,
			"children": [13, 14]
		}
	]
}